"x","y","observed","fitted","residuals","localR2"
45935.3298,1580238.969,7.256,9.78135573237547,-2.52535573237532,0.374790306234519
-1137299.014,1446994.439,4.594,5.54632353734925,-0.952323537349234,0.556016744461946
-1106344.789,1716868.609,5.995,9.15984895090051,-3.1648489509005,0.471691528182104
-1145173.126,1281595.048,11.22,5.20546962247969,6.01453037752029,0.438576676262911
-19769.53004,1552489.359,5.388,9.38016216416764,-3.99216216416766,0.425927155164821
-1105687.482,1322860.919,1.619,3.89654967919771,-2.27754967919772,0.497415218658033
-1122169.656,1239206.469,3.842,4.76042522803798,-0.918425228037976,0.404699580964959
-813852.8469,1051129.068,10.276,7.88615417149555,2.38984582850445,0.608966343563613
-1160317.891,1126858.739,0.494,3.61220844911606,-3.11820844911606,0.263350268564204
-893102.6214,1295411.839,4.313,4.52271435689803,-0.209714356898028,0.532038654969341
-1128512.259,1281006.369,3.393,5.30909955598272,-1.91609955598272,0.447312788271866
-5662.879975,1623038.259,10.356,9.65554971989057,0.700450280109435,0.398267502812737
-1186066.734,1267232.889,1.823,7.17810078959352,-5.35510078959352,0.395022099578979
-1116586.499,1228025.208,1.333,4.86018635984064,-3.52718635984064,0.396348679083209
-1106102.322,1419121.609,7.596,7.91767614781892,-0.321676147818918,0.54857553713724
-861494.3727,2367645.259,5.499,6.83692402898417,-1.33792402898417,0.570363331209113
-1101155.21,1706391.99,4.874,8.90487424609981,-4.03087424609981,0.474990740691829
-1167627.046,1162632.478,2.759,3.19733637775635,-0.438336377756344,0.285276251674016
-1107341.573,1699358.76,3.782,8.86481290636013,-5.08281290636012,0.480193341004486
-1195782.638,1107246.809,1.12,1.49943052597911,-0.379430525979107,0.220262430648871
-1087092.316,1098736.658,1.712,2.13627092436443,-0.424270924364434,0.322716153541413
-1112903.008,1125106.419,6.509,2.34205553648732,4.16694446351268,0.307869052160858
-1101216.126,1102846.349,2.181,2.05069058356972,0.130309416430277,0.308958730962517
-701053.1743,1077183.279,2.21,1.26459826201378,0.945401737986224,0.639268338243568
-758470.8978,2333272.9,6.5,4.15224785672529,2.3477521432747,0.496080997167021
-697586.6276,1038971.328,0.93,1.69494137379514,-0.764941373795138,0.660700320483517
-1161945.812,1045937.248,2.727,2.58638473450745,0.140615265492552,0.231276328329369
-1145689.258,1053788.939,1.35,2.82446562362717,-1.47446562362717,0.248692504850421
-669689.2985,1390839.919,0.805,1.84126767162286,-1.03626767162286,0.473803271105152
-613047.3702,1769166.349,1.872,2.46987956587716,-0.597879565877173,0.362513205023226
-938008.1862,1097390.378,0.485,2.86091951963987,-2.37591951963987,0.488259284332316
-766907.5658,1164946.308,0.001,1.79827246871438,-1.79727246871438,0.578370185005135
-875741.4737,2339436.13,3.974,5.44313095952916,-1.46913095952918,0.57614751394659
-793772.4007,1227379.799,0.471,2.9170251603818,-2.4460251603818,0.552542723546484
-28597.05042,1773245.619,9.889,11.5783908940089,-1.68939089400895,0.345799234279933
-749538.4278,1312226.789,1.139,1.42451757326602,-0.285517573266029,0.52722949899475
-716318.9961,2232564.849,6.363,4.62169195496032,1.74130804503966,0.444814715319164
-723093.8634,1178081.559,1.085,0.539656825100128,0.545343174899873,0.580382451426543
-823011.514,2239871.41,9.451,4.47191285367907,4.97908714632093,0.511864543282009
-833987.3537,2281191.7,4.904,5.04914790819889,-0.14514790819888,0.534579100477665
-687906.6836,1359214.309,1.941,3.23381167579619,-1.2928116757962,0.494608041015047
-749805.8692,1085735.899,1.303,1.38358551062188,-0.0805855106218779,0.621854018738835
-759319.4303,2154308.26,3.141,4.42590523835766,-1.28490523835766,0.439860709113854
-742845.6134,2416464.179,7.046,6.70581440722674,0.340185592773276,0.488073012829585
-593343.1208,1776755.459,1.611,4.03808099530768,-2.42708099530768,0.355016100597717
-677269.9192,2289486.449,3.329,4.73005166441602,-1.40105166441602,0.434726042931776
-1219348.441,1019863.239,3.568,3.03687002325185,0.531129976748154,0.178114311471998
-904024.0181,1227785.009,1.596,2.1093534466214,-0.5133534466214,0.522187429475957
-683761.5163,2342829.289,3.105,4.90743559914251,-1.80243559914248,0.446569435980303
-751872.1534,2149318.61,5.009,4.43166498899121,0.577335011008789,0.434551040180998
-671964.1211,2056624.599,3.445,5.05399055706481,-1.60899055706481,0.380481991209655
-694988.8006,1960552.019,0.528,2.79146233383812,-2.26346233383812,0.376707935102561
-699100.9237,1262910.649,2.977,2.34745218443169,0.629547815568319,0.541043365145558
-692121.9309,2192045.4,1.395,4.83370276051317,-3.43870276051317,0.419471743716738
-643167.6357,1380024.388,1.102,1.92618208008337,-0.824182080083365,0.470252943285719
-748159.1378,2280275.009,2.352,4.31310169833297,-1.96110169833297,0.478258142345875
-855596.1231,1063850.959,7.533,4.5219714241102,3.0110285758898,0.573717857158774
-803581.6764,2324517.859,6.903,6.71246097327788,0.190539026722115,0.525539017037965
-782733.2108,2295086.82,3.489,3.99599627942007,-0.506996279420068,0.504898648702882
-707763.5692,1727520.029,1.11,2.26368667492642,-1.15368667492641,0.391901652496185
-859798.6063,2469723.549,8.328,10.9640820529399,-2.63608205293986,0.564483186145984
-708176.8405,1703523.219,4.624,3.29565703080145,1.32834296919855,0.394821826446045
-672528.2008,2091830.419,4.974,4.63453148295048,0.339468517049502,0.386596985744988
-575312.6843,1713733.259,4.974,4.99366529725172,-0.0196652972517127,0.352587084753778
-723826.651,1047806.969,0.677,0.507699570201444,0.169300429798552,0.65001091710571
-837464.0837,1407422.949,2.884,3.80613030192473,-0.922130301924727,0.51062932630013
-1185457.101,1139930.019,0.851,1.71054925729374,-0.859549257293746,0.250460815378793
-695217.3386,2319009.46,3.039,4.3090552970652,-1.27005529706518,0.451335331174207
-801916.1664,2242073.929,4.594,5.60296598767615,-1.00896598767615,0.499810979562363
-747482.811,2306379.36,3.57,4.04801843336491,-0.478018433364922,0.483924014488315
-675431.9913,2116206.279,6.979,4.12129698499301,2.857703015007,0.39261816529698
-238825.29,1747447.539,6.325,6.65100145317551,-0.326001453175493,0.417096257862008
-759789.5666,2097084.399,10.72,5.74206351182823,4.97793648817177,0.418172092218129
-824899.7468,1425187.508,4.084,5.62717839074327,-1.54317839074327,0.502007596681335
-576448.0759,1738838.329,1.542,2.32138436429948,-0.779384364299498,0.351289973575806
-582685.9206,1614576.58,4.086,4.17055982150788,-0.084559821507884,0.364438173531923
-493093.9064,1874031.599,1.015,4.76067851283847,-3.74567851283847,0.312003992406644
-642451.0675,1713758.369,1.897,3.04881364834912,-1.15181364834912,0.376174349547496
-648382.3303,1546198.139,3.113,3.66715774583956,-0.554157745839549,0.403355362234593
-664718.6975,1323947.468,2.519,3.26476418434164,-0.74576418434164,0.505524939752529
-858491.6511,2445314.77,13.758,11.0909302653719,2.66706973462811,0.566827245333686
-821484.9874,2357205.47,4.518,3.87622148176888,0.641778518231125,0.542526896822521
-459660.9393,1783421.259,3.9,5.20658763311706,-1.30658763311708,0.32072306663937
-653282.5457,1752158.119,3.075,3.33934014744082,-0.264340147440803,0.3764456303198
-704442.0984,2432000.649,13.007,9.06912348484723,3.93787651515277,0.459720361298624
-795275.6193,1450984.609,6.088,4.7405716014451,1.3474283985549,0.48507119871297
-750759.1596,1881917.299,1.309,5.74032895063453,-4.43132895063453,0.383109331811802
-1072047.763,1133640.549,2.649,3.20960207718509,-0.560602077185089,0.354333267765199
-828308.4787,1356934.429,3.65,3.22015728248241,0.429842717517598,0.523365654654024
-755470.8441,1803317.13,6.536,6.40708194507045,0.128918054929555,0.38976478811082
-751580.1683,1770211.279,11.589,5.31412401972322,6.27487598027677,0.393423805974173
-814182.3189,2458983.9,18.814,8.47875635261153,10.3352436473885,0.53450076660924
-742818.0793,1826295.959,8.221,7.35246334787965,0.868536652120344,0.386314956477528
-741657.5579,2381714.589,5.478,5.24384683372237,0.234153166277622,0.488196509639908
-642119.9837,1922501.65,2.203,2.88873831040552,-0.685738310405518,0.363923623814219
-737680.3665,1864862.848,3.459,5.29751334303136,-1.83851334303137,0.382929092892528
-814508.3715,2392819.559,6.929,4.3794222197327,2.54957778026732,0.539556802387976
-683009.5661,1725972.558,1.665,1.90560352382805,-0.24060352382804,0.38655933771844
-783899.1085,1309447.709,3.243,1.91553989893946,1.32746010106054,0.531684851916103
-804504.209,2461867.31,5.862,7.11020385238127,-1.24820385238128,0.527174309008906
-565942.9738,1907399.81,0.708,3.35212760516492,-2.64412760516491,0.337001467852458
-763863.2732,2428371.25,4.778,7.7210468631501,-2.94304686315009,0.502093782885243
-685945.6524,2331732.249,4.701,4.53766546929274,0.163334530707267,0.446876738479833
-351532.2772,1596388.449,3.407,4.81737030832334,-1.41037030832337,0.41334837801183
-688764.7965,1423988.249,1.174,0.546676069857644,0.627323930142349,0.464543257697777
-570782.5959,1642738.279,4.569,4.40350535118936,0.165494648810642,0.356864824292735
-722566.3643,1876565.559,4.717,5.37698215987148,-0.659982159871489,0.380824934853124
-756299.9773,1666293.659,3.211,4.67756475378605,-1.46656475378606,0.410288326950926
-773952.1784,1293523.858,0.998,1.61398006462311,-0.615980064623116,0.535715661436984
-406104.2043,1822696.509,6.826,8.83947816683556,-2.01347816683556,0.320202573952606
-534858.6888,1882798.249,2.18,4.86466317146181,-2.6846631714618,0.32567249865846
-703541.1086,2020482.289,5.378,4.54751028162406,0.830489718375924,0.38403072943074
-715564.6084,1875277.679,2.23,4.54400777180579,-2.31400777180579,0.380064453372972
-488227.978,1763788.319,7.183,6.92342203019576,0.259577969804235,0.324953638359826
-759578.9902,1180353.079,1.082,1.5611703256047,-0.479170325604695,0.573779273962973
-692528.3119,2049143.079,2.126,5.09856799593832,-2.97256799593832,0.385597166276792
-683147.7226,2146084.17,6.817,5.7812442133281,1.03575578667191,0.402852056149771
-671757.452,2262652.339,7.292,7.57085031954624,-0.278850319546248,0.42576528865193
-220837.3197,1882612.91,4.287,8.95243256854968,-4.66543256854971,0.354911299964056
-227942.5404,1582605.85,1.249,5.10169379267534,-3.85269379267534,0.474500629209067
-314780.49,1785591.709,4.83,5.55114640680664,-0.721146406806637,0.372863852673763
-204767.4101,1860226.47,18.062,8.52590383903538,9.53609616096462,0.366262358597162
-743285.5814,1377922.169,3.047,2.47428727588313,0.572712724116864,0.500604127173247
-714245.8005,1078289.479,0.606,0.612350858201122,-0.00635085820112474,0.635910408135249
-835526.0617,2419958.17,6.123,7.556110143428,-1.433110143428,0.55338258929269
-181367.2997,1800151.47,14.082,7.75664421397374,6.32535578602627,0.395623424243281
-667704.9007,2205374.149,2.738,4.00001864662084,-1.26201864662084,0.409843167820976
-703071.7364,1976692.098,4.517,3.78015251996529,0.736847480034699,0.379196287819744
-702913.2035,1765152.45,1.049,2.85042309237151,-1.80142309237151,0.386976437427795
-172342.4398,1780551.089,8.647,8.71453740314993,-0.0675374031499132,0.404421109839993
-169866.1201,1731864.029,7.515,8.00701425546463,-0.492014255464621,0.427034321169689
-691320.1374,2416279.219,4.726,9.58509052438218,-4.85909052438217,0.452162535762015
-692546.0906,1798950.649,5.699,4.05795658841497,1.64104341158502,0.381949516930285
-705369.8398,1821323.9,2.397,5.68060301098295,-3.28360301098296,0.382267900256359
-682257.4858,1853222.179,3.067,4.9488834790548,-1.88188347905481,0.376048902431476
-695174.2886,1677616.649,2.359,2.42302254984194,-0.0640225498419261,0.394965202512066
-376075.0519,1690585,5.26,5.0798498447149,0.18015015528511,0.372675035271192
-706384.2284,1480275.458,4.971,4.36779957689958,0.603200423100407,0.446673391043154
-131518.53,1793353.449,5.571,8.43244590871031,-2.86144590871033,0.388499060027894
-760513.828,2304399.209,6.423,4.16097483707355,2.26202516292645,0.492242563586916
-706170.0301,2143212.999,6.309,3.36153969469229,2.94746030530772,0.412346963061154
-114548.5896,1640173.519,4.678,8.55292734547985,-3.87492734547986,0.449264884089137
-725095.6104,1146413.839,0.408,1.22899669306564,-0.82099669306564,0.596124489745589
-708552.0713,1244961.519,2.295,2.19843398416034,0.0965660158396574,0.549886413418929
-732067.6466,1799837.709,6.384,4.66156514774112,1.72243485225887,0.387815468179514
-86549.84016,1763984.159,9.48,8.87133825370334,0.608661746296668,0.385312149202855
-83020.55971,1843762.409,11.327,8.49634350019282,2.8306564998072,0.338446427490964
-80834.23039,1624045.42,8.366,9.55083118283235,-1.18483118283236,0.440767563349132
-74178.92034,1668609.829,12.587,9.91415433955609,2.67284566044389,0.422429292454571
-68323.04988,1703113.149,16.51,10.7622650667668,5.74773493323325,0.405301562562858
-61557.96038,1611890.339,15.443,10.0575045972683,5.38549540273169,0.434950069584307
-48851.55961,1711345.099,12.496,10.9515049767438,1.54449502325618,0.390650453339294
-703846.8009,1099565.449,5.16,2.66956725882157,2.49043274117843,0.626005858954142
-739917.0879,2473596.399,6.189,8.84492104427682,-2.65592104427682,0.478559082401337
-688039.3523,1204783.599,1.095,1.43468552552696,-0.339685525526955,0.568424335529852
-385624.7437,1735616.379,8.907,5.33988238042239,3.56711761957765,0.353985683519268
-768572.0862,2212553.399,5.313,6.78367283415157,-1.47067283415158,0.46818017034547
-16475.33042,1691692.319,9.126,9.35915766087804,-0.233157660878039,0.379005107689135
-15001.31999,1805272.839,6.6,10.6546995657608,-4.05469956576082,0.317137114508724
-14128.91989,1661513.379,9.657,9.88100924250753,-0.224009242507515,0.390054294475562
-11429.12019,1776393.159,13.564,11.1641089652544,2.3998910347456,0.331830892562887
-760560.3125,1535464.79,7.746,5.01074664520266,2.73525335479733,0.444249842312114
-671741.1444,1138061.319,4.861,3.26401780441067,1.59698219558933,0.606931659436897
-647856.2902,1419708.839,1.43,1.9841100487113,-0.554110048711301,0.452006843734888
-631808.1545,1598299.209,4.492,4.93662247250525,-0.444622472505243,0.385628290283242
-599167.7085,1976410.38,0.152,3.19729561013875,-3.04529561013875,0.34930534352729
-330512.8302,1837470.84,3.667,7.4061661916354,-3.73916619163541,0.344448103119785
-182261.5902,1607112.099,4.358,4.8060906726123,-0.44809067261229,0.471878125894941
-687091.3496,1215201.319,1.509,2.07940747111722,-0.570407471117218,0.563002203144484
-645168.4268,1340746.279,5.055,3.66484465338333,1.39015534661667,0.491413422118068
38428.81991,1738168.439,8.929,10.3689161135944,-1.43991611359436,0.315221062141968
-146024.4398,1825628.36,7.719,8.85629706650136,-1.13729706650137,0.375626893670192
-594473.772,1969085.15,4.011,3.1637891154011,0.847210884598899,0.347390590083941
-625687.4494,1533536.589,2.586,3.84739782480936,-1.26139782480936,0.397872213127479
-589718.2433,2003228.15,6.147,6.18122492787411,-0.0342249278740975,0.346060354728579
-583404.1066,1918748.348,3.48,3.07787703543077,0.402122964569213,0.343678594973777
-724782.0795,1318076.699,3.094,2.79292998366634,0.301070016333668,0.521228388325295
-594698.6393,1749774.469,3.446,2.37788399583248,1.06811600416752,0.357228014011061
-595147.226,1629972.729,2.983,4.69195604070315,-1.70895604070315,0.367136624538018
-672086.613,1852833.46,9.1,5.41092473352095,3.68907526647905,0.37399958184042
-572691.8064,1873613.819,12.132,3.87326027486292,8.25873972513708,0.341352926427988
-358894.7241,1631327.07,3.055,6.07349161324423,-3.01849161324423,0.399915495859976
-258065.7199,1722169.629,9.529,6.94812713073063,2.58087286926938,0.422716398306948
-199103.0101,1834914.249,7.239,7.32879976185129,-0.089799761851291,0.379011343994745
-105231.1796,1570883.669,7.946,7.29337603902012,0.652623960979887,0.464211505582585
-115329.4298,1762918.789,10.157,7.26508920585797,2.89191079414205,0.398484204172437
-577331.5406,1823993.599,6.448,4.78712243886328,1.66087756113671,0.346077954762321
-562393.6058,1677025.299,8.05,4.53318183638924,3.51681816361076,0.350863978936129
-751140.1337,2465605.429,16.93,7.60984300565842,9.32015699434158,0.488065864532665
-351155.0407,1656907.499,4.322,4.68913908598684,-0.367139085986838,0.398145478360762
-29776.27959,1882638.149,11.136,9.73483737574712,1.40116262425289,0.278211577144675
-115907.4301,1663430.659,7.765,7.45895483614499,0.30604516385501,0.441869624201602
-396982.6082,1664628.889,5.744,6.21743775321126,-0.473437753211292,0.367124889636601
-488205.8138,1603668.169,2.349,5.15139634189309,-2.80239634189308,0.346174335836951
55508.12998,1564749.63,13.147,9.35915280649253,3.78784719350747,0.371815449700546
-138173.6101,1873910.139,7.668,8.30222323243161,-0.63422323243161,0.346435574996941
-714159.7779,1963366.419,13.351,6.96530692760953,6.38569307239047,0.380192450979057
-46497.44963,1789725.609,13.335,10.4717502311752,2.86324976882481,0.348292158110354
-526719.2236,1960072.519,4.592,7.18096622828353,-2.58896622828355,0.318359224842371
-539740.2039,1725324.569,3.595,4.77644128274278,-1.1814412827428,0.339876402696451
-559158.9957,1608126.408,6.129,4.07587193452692,2.05312806547308,0.35712758575563
-650491.572,1269960.159,2.545,2.2310665990518,0.313933400948197,0.530028214103497
-500136.9589,1855436.049,3.071,7.24580830332674,-4.17480830332673,0.316018598592218
-94646.11987,1703930.589,9.957,8.01929307205634,1.93770692794368,0.41767788291804
-540340.824,1607829.889,2.839,5.06432518960594,-2.22532518960595,0.351669634580276
-616552.0033,1882372.38,11.156,5.23080968607094,5.92519031392907,0.357214373321473
44124.87026,1790530.159,12.903,11.0850559690272,1.81794403097274,0.279378364014361
-539632.6063,1975104.719,4.977,5.04817728825415,-0.0711772882541521,0.323747904462333
-527997.074,1788544.37,6.334,6.08084668335645,0.253153316643534,0.33096663053379
-749317.4866,2001681.769,2.784,4.47042889999117,-1.68642889999118,0.390018528447955
-714067.4402,1913846.649,2.304,3.94929892510112,-1.64529892510112,0.378811450164521
-447536.4061,1825374.349,10.54,6.65331171845889,3.8866882815411,0.313188702948264
-448853.752,1666639.849,7.438,5.35642785418292,2.08157214581708,0.343334213538308
-439294.8069,1757993.419,4.563,5.39182470542952,-0.828824705429495,0.328089455013203
-732508.6474,2226256.709,4.392,4.34160942587951,0.0503905741204884,0.452333322020135
33632.56999,1859375.08,9.419,9.78484010735453,-0.365840107354527,0.241830194963567
-441061.8581,1624942.499,5.46,6.40486624257939,-0.944866242579389,0.353314468690887
-150086.8199,1583592.189,2.335,4.56343423120875,-2.22843423120874,0.473763842226941
-414935.4642,1591271.39,5.625,7.12766532683668,-1.50266532683668,0.372390495334111
-505460.9565,1607216.489,4.126,4.04440462674516,0.0815953732548399,0.345803965158866
-223344.4902,1640999.629,1.136,3.25005509045707,-2.11405509045706,0.460123727039386
-386377.9358,1702969.379,3.956,4.97786081340135,-1.02186081340137,0.363132509765075
-376273.4807,1854561.089,4.903,7.47719093468259,-2.57419093468258,0.319933857269779
66476.9597,1628505.589,8.78,10.6044462213554,-1.82444622135539,0.343715628365959
-142215.5803,1622060.229,5.4,4.9389759665396,0.461024033460406,0.462510161143131
-356599.0501,1782748.419,5.37,6.56370485122269,-1.19370485122269,0.353092328534772
-468650.6126,1603322.929,4.23,7.22929601591819,-2.99929601591819,0.348709341230615
-251156.6802,1685283.769,1.726,3.22101531362787,-1.49501531362788,0.439048282754135
-745438.9207,1933795.589,11.275,6.05284716587699,5.22215283412302,0.382574762786579
-237408.8901,1558240.009,2.274,4.39767246055713,-2.12367246055713,0.477428668282711
-234366.9898,1656677.67,4.327,3.30496584554016,1.02203415445981,0.453153850548922
-339050.66,1870425.66,3.7,7.78514006603018,-4.08514006603019,0.328288880780397
-230458.5099,1722085.3,11.779,7.38176184106819,4.39723815893181,0.429580238373633
-335319.9001,1807920.99,4.622,6.72763855375182,-2.10563855375181,0.353965753394132
17246.58974,1576375.739,4.31,7.36777570061379,-3.05777570061378,0.396324244816315
-350131.7862,1821475.969,1.97,6.70115496263451,-4.7311549626345,0.341882128335877
-306309.5696,1699842.089,7.794,6.63478685071816,1.15921314928182,0.410900347806888
-637569.9463,1954721.838,3.435,5.35993662183109,-1.9249366218311,0.362468892272178
-290632.0099,1626118.769,0.462,4.01784931443584,-3.5558493144358,0.442539812621617
17178.91966,1646016.089,16.336,9.94299482187323,6.39300517812675,0.374306162876394
-186169.9004,1560048.289,4.002,5.82346778624567,-1.82146778624568,0.482227266653656
-362063.1324,1652025.799,5.737,5.09521156451103,0.641788435488996,0.39236438798875
-180680.2201,1589604.549,9.461,3.07208768193671,6.38891231806331,0.476008095281333
-431948.781,1820414.039,11.578,8.41546789440334,3.16253210559664,0.315500231426023
-722161.4492,1611583.469,16.147,3.95238037288067,12.1946196271193,0.412920112896482
-557424.7142,1842606.109,6.753,5.65952904424717,1.09347095575282,0.337209806260197
-503265.9834,1649113.079,1.03,4.97590406378784,-3.94590406378784,0.340148467426096
53216.77001,1873968.349,7.5,10.4492788012904,-2.94927880129045,0.213899777658722
-145079.9597,1748561.849,5.899,7.19159329585794,-1.29259329585795,0.414819205815383
-206822.0198,1723859.659,5.665,5.63286765876773,0.0321323412322699,0.431677135987519
-535770.5163,1959841.789,9.614,5.60098153801605,4.01301846198395,0.322322537107537
-189603.8799,1705667.94,8.627,7.85666234938721,0.770337650612797,0.439545684327447
70606.75988,1655418.159,10.672,8.71882966481896,1.95317033518107,0.329862632757631
-364313.8566,1868653.499,5.171,6.76658354444735,-1.59558354444735,0.319486497404644
23182.43028,1657455.579,14.977,9.65284027483527,5.32415972516474,0.365471570940379
83927.82014,1866270.949,4.488,10.7926512701021,-6.30465127010213,0.191591582371341
27833.21022,1739159.649,10.413,10.1692034207294,0.243796579270608,0.323072797522156
-631899.2274,1487039.628,1.286,4.00653825217946,-2.72053825217947,0.416047860648751
-600539.5366,1896742.659,3.852,4.78055425439744,-0.928554254397423,0.351000287438699
-3065.280336,1861836.969,12.207,9.75065165861511,2.45634834138489,0.271104767372504
40783.26026,1837866.58,10.728,9.52846743274932,1.19953256725068,0.250686469519964
-802878.8217,2484183.809,11.049,9.03544068646991,2.01355931353012,0.522190752752809
-141635.0699,1757176.229,7.583,6.87994305152773,0.703056948472292,0.409817976367602
-91677.17986,1742552.679,6.23,8.11297583670673,-1.88297583670673,0.398586033233321
53835.51968,1870124.389,6.433,10.4803438180099,-4.04734381800995,0.216157343475301
-305867.5098,1690927.959,10.793,7.4255147743557,3.36748522564432,0.414310334153218
-318031.34,1622895.169,6.009,5.33654280462657,0.672457195373414,0.428495454796944
-147565.3103,1700101.2,5.02,7.46623553688045,-2.44623553688045,0.436739641649182
-463700.3201,1879401.539,15.74,6.52508911476802,9.21491088523199,0.304877171184084
24683.15966,1672292.349,6.746,9.77663668914547,-3.03063668914547,0.358197090084451
-448565.5201,1584295.659,2.541,3.41818804082436,-0.877188040824355,0.357719309292194
-1057462.967,1701899.578,30.473,16.7625119208682,13.7104880791318,0.463816800881672
-1067881.934,1779151.36,8.818,9.9736546746446,-1.15565467464459,0.434541333162526
-1093437.568,2012102.529,6.439,5.64477415330957,0.794225846690433,0.463899497161725
-936045.7978,1813599.259,16.019,12.9835636629285,3.03543633707151,0.399499122703211
-933666.5209,1789523.05,3.152,9.18814143167974,-6.03614143167974,0.404739862512556
-996069.9259,1872527.629,7.03,9.32503802837776,-2.29503802837775,0.398913554759595
-892971.2909,1927011.44,6.641,10.2146543246078,-3.57365432460777,0.390405113109364
-960305.3705,1952787.33,9.151,12.5912374517101,-3.44023745171005,0.402772565201258
-836918.809,1653339.409,1.948,6.78277443449154,-4.83477443449154,0.428281731299003
-899240.2722,1599043.789,12.02,6.70621301103683,5.31378698896318,0.460664840170247
-872118.3239,1922740.49,14.541,8.83632279828882,5.70467720171118,0.388675149188353
-955270.1167,1421731.428,1.152,1.54611286320735,-0.394112863207353,0.530919965674435
-1172782.087,1174473.769,6.209,3.58548553649545,2.62351446350454,0.292260490830136
-875398.6995,1847981.549,23.058,11.2976882180918,11.7603117819082,0.389682415871496
-1078241.573,2463050.74,14.242,9.5644019171034,4.6775980828966,0.659280801140425
-910818.7121,2079143.659,8.974,9.18905639013629,-0.215056390136294,0.457535087720947
-1214288.488,1067078.198,0.843,2.22102993600842,-1.37802993600842,0.189030753130706
-1053950.389,1413870.818,4.803,5.59010727818796,-0.787107278187968,0.544821069787324
-987578.942,1803475.839,21.125,12.7570092815769,8.36799071842313,0.409254164804384
-896172.6297,1568610.238,7.6,10.7326936048836,-3.13269360488361,0.470969262483015
-931751.9742,1593884.469,8.454,9.59350347882507,-1.13950347882507,0.471948348539534
-1037231.489,1225578.369,3.539,2.69924009376901,0.839759906230994,0.449878729843893
-1060295.853,1328532.329,5.198,4.72656683007327,0.471433169926727,0.514129402122874
-1126354.834,1693198.829,2.821,4.46512082953341,-1.64412082953341,0.488981272661301
-959772.3912,1493787.24,18.277,11.0108452117945,7.26615478820551,0.516289029419275
-771987.756,1808957.199,23.19,9.66602004240883,13.5239799575912,0.390319736324691
-958192.3065,1546262.619,2.771,8.2897143983901,-5.51871439839009,0.498324024066443
-1080491.626,1695286.358,4.411,8.74307821993582,-4.33207821993583,0.473825895402741
-846269.4192,1849909.199,9.334,8.11360481658176,1.22039518341825,0.388494940514594
-1158375.341,1358585.979,1.255,2.93963062375379,-1.68463062375379,0.51045237310387
-956682.1873,1514103.899,4.953,8.13691257617445,-3.18391257617446,0.509048829178226
-1002581.774,1937960.609,2.644,11.8840358715431,-9.24003587154312,0.405539390507089
-953029.7912,1635578.949,21.591,11.0796067086736,10.5113932913264,0.461741777889458
-1045145.129,1766702.529,14.276,10.6111673513134,3.66483264868664,0.433335635652115
-1026171.503,1664277.11,20.061,14.7831761323237,5.27782386767635,0.47125320957298
-952854.2191,1980790.009,6.33,10.077712361907,-3.74771236190698,0.411422780233424
-802316.7714,1548968.49,6.378,8.61987898102729,-2.2418789810273,0.451619953026204
-918140.0336,1988962.75,10.653,9.62900109471583,1.02399890528418,0.40907436374227
-915089.1993,1737574.619,3.692,10.0373089688445,-6.34530896884454,0.416681678355578
-845790.64,1497903.569,8.473,13.7324189002066,-5.25941890020664,0.481859158414421
-858026.3091,1840639.519,4.931,7.62877767766279,-2.69777767766278,0.3898364485818
-791617.1985,2021391.349,12.728,8.50394555958933,4.22405444041067,0.401264457788641
-965167.9014,1986700.929,7.109,9.48288156453261,-2.3738815645326,0.416223618323131
-1030681.713,1674765.769,18.391,16.2235298908291,2.16747010917093,0.467955384544302
-827599.9023,1710145.399,8.902,8.51659708019995,0.385402919800044,0.41225517647966
-1082708.813,1669026.159,3.812,7.48835519202827,-3.67635519202826,0.486762426123125
-907070.7739,1646624.21,16.527,11.683945155354,4.84305484464601,0.445453197350869
-928844.9174,1760998.869,3.667,5.01195084164076,-1.34495084164076,0.411801386796417
-782949.8109,1602392.14,3.344,9.58820275426534,-6.24420275426534,0.430517842336199
-1126700.15,1449976.869,3.158,4.48213460350866,-1.32413460350866,0.555809294660853
-981401.6661,1893771.958,5.38,6.18182310146436,-0.801823101464361,0.396454249520989
-1073632.136,1664999.278,6.015,7.50989793920468,-1.49489793920469,0.485763588203897
-826565.9639,1515550.549,4.986,10.6571544048722,-5.67115440487224,0.470032036783385
-1062682.81,1728725.849,11.22,11.6582318820665,-0.438231882066524,0.453454314173804
-1168045.048,1320043.419,7.718,3.2782821129096,4.4397178870904,0.47007955452933
-798929.4271,1930793.149,15.303,10.1629235020952,5.14007649790482,0.386041694888288
-951755.1258,1478655.218,5.063,9.5317525529833,-4.4687525529833,0.518290209596199
-916145.8978,1767156.948,6.268,6.79550425854592,-0.527504258545932,0.408360162330409
-992509.1802,1086729.499,1.071,0.653957967630706,0.417042032369297,0.429323414346223
-1082978.657,1459007.209,3.777,4.62292634007158,-0.845926340071584,0.551302286553182
-929481.7692,2022090.719,15.641,12.23436522442,3.40663477557997,0.426983520410951
-791773.656,1708181.849,16.652,12.3013937338292,4.35060626617082,0.408069431678667
-817931.8737,1611538.599,3.678,10.9581614915596,-7.2801614915596,0.436176330018758
-843817.9303,1563109.809,13.593,9.77500993455576,3.81799006544424,0.458186666602183
-1027938.704,1301135.41,2.425,3.4107045832555,-0.985704583255505,0.506751252519346
-866415.689,1721670.889,2.328,3.91959764207721,-1.5915976420772,0.414347594539521
-828201.2622,1799501.37,3.923,6.94719483005095,-3.02419483005094,0.394491779797315
-797165.2061,1999037.469,12.025,9.31757410950734,2.70742589049266,0.396255048506344
-1096914.833,1831385.009,10.535,10.9349743104084,-0.399974310408355,0.425635372222784
-1013529.401,1731187.999,1.9,12.1121977714744,-10.2121977714744,0.43912021646104
-756379.5934,1598486.089,3.564,8.78638447900921,-5.2223844790092,0.424936813551201
-1057471.001,1990733.76,3.935,2.63928419035986,1.29571580964014,0.43932909806018
-1070875.54,1252242.939,1.649,4.0928864917464,-2.4438864917464,0.451348759221904
-992086.1696,1447633.719,1.025,2.70259769442104,-1.67759769442104,0.534903662188994
-1130160.67,2307700.089,7.356,11.1735616333368,-3.81756163333685,0.673206457570542
-1082424.113,1904322.659,5.528,8.46835946555758,-2.94035946555758,0.415602136615555
-783181.7008,1989507.889,11.187,10.2849767719182,0.902023228081791,0.392470725722408
-1123710.951,1467910.549,1.35,3.41206534592766,-2.06206534592766,0.557219570588016
-862239.8631,1727685.579,2.47,3.93512957911155,-1.46512957911154,0.412250236538576
-993469.3079,1964975.759,16.201,11.1000068859905,5.1009931140095,0.412382577128631
-856414.8425,1938186.9,4.461,9.21945481334971,-4.75845481334971,0.389616371849344
-944715.0737,1920278.919,1.36,11.3618972776352,-10.0018972776351,0.394079978166106
-934483.008,1663166.429,27.984,13.1503912937074,14.8336087062926,0.446068416027879
-1135156.588,1386978.288,2.735,3.88214321595898,-1.14714321595897,0.534423340984828
-1009918.086,1274694.998,5.721,3.20521789695368,2.51578210304632,0.497712748580304
-837184.6403,1947418.699,5.27,9.37266524713598,-4.10266524713597,0.389795599125811
-807075.2857,1536022.649,13.893,11.1430372699024,2.74996273009763,0.457313633425783
-988951.776,1583313.268,0.804,5.05962493286147,-4.25562493286149,0.494011645773928
-1125271.61,1321475.879,2.229,2.95988072897908,-0.730880728979079,0.489294284559304
-879165.9817,1660426.739,7.096,8.70488277260572,-1.60888277260572,0.434522177960123
-1002049.769,1796841.989,6.361,5.65035091245975,0.710649087540246,0.41373531739847
-1062067.426,1163580.548,4.83,3.09775492867206,1.73224507132794,0.382827310964509
-1081121.344,1822762.659,7.178,8.12292414184069,-0.944924141840698,0.4239699550772
-998016.9261,1449400.378,2.884,1.89356328922391,0.990436710776089,0.535942940131293
-1019394.339,1291149.508,1.88,2.06127706670346,-0.18127706670346,0.503741576866626
-1115459.438,2276093.689,2.916,5.68326553199222,-2.76726553199222,0.664640275845213
-855379.1259,1738117.149,5.051,7.07817093451302,-2.02717093451301,0.408869610449543
-958463.8142,1759171.169,19.099,6.07158873972336,13.0274112602766,0.417132463261793
-691715.9706,1570370.169,7.841,6.89421864296193,0.946781357038069,0.412869212313586
-879173.6407,1964647.039,12.488,8.82123980840463,3.66676019159537,0.396367819316839
-1193517.116,2091839.959,11.227,10.6072350953672,0.619764904632817,0.568269716603207
-962637.1429,2273155.92,1.49,3.17538472830494,-1.68538472830495,0.608156694068372
-1169562.2,2332243.089,21.644,14.4534081925182,7.1905918074818,0.678528489144064
-1211984.553,2305425.97,15.883,16.9045560517303,-1.02155605173031,0.677772142996723
-1049561.759,2410593.31,10.661,6.29638235035769,4.36461764964231,0.660422679932066
-986913.4941,2254949.5,4.909,3.19370015292388,1.71529984707612,0.612629972533371
-887395.8731,2116468.029,3.134,4.97097844776454,-1.83697844776454,0.474321966689331
-917213.9835,2349481.46,11.615,7.00069719184099,4.61430280815898,0.602864933815315
-1246454.293,2103947.82,15.763,7.8205572368774,7.9424427631226,0.590054573306898
-1156475.765,1469730.179,3.314,3.29474202976678,0.0192579702332192,0.56078662274219
-886436.3913,1790940.129,4.555,12.324674025293,-7.769674025293,0.399587390010695
-1032191.38,2238993.429,6.084,9.36688178936632,-3.28288178936632,0.625239996829584
-1168210.059,2322552.119,15.595,14.7161303426971,0.878869657302941,0.678080566049257
-1162622.991,2192934.479,3.703,-0.536996679074415,4.23999667907443,0.640123687209401
-864938.693,2113905.959,10.076,7.9858771125876,2.0901228874124,0.463749709977878
-1052246.054,1526283.079,1.293,1.39857442144406,-0.105574421444064,0.534017370732399
-1157932.173,2294266.24,3.021,5.90406505691599,-2.883065056916,0.674498540329295
-977050.8402,1876656.46,9.345,11.4712315983265,-2.12623159832648,0.395979006975275
-951120.8742,1683549.13,17.884,12.590467408936,5.29353259106404,0.442403911207398
-915861.0603,2238578.849,0.446,1.63242644573492,-1.18642644573493,0.566821505970276
-874371.7868,2015133.039,2.827,8.05580046770149,-5.2288004677015,0.412784794810846
-1165587.824,2389690.39,21.455,18.3408936737855,3.11410632621452,0.676022579103365
-978107.103,2209076.479,1.698,5.19209701341551,-3.49409701341552,0.58336800842616
-1047631.661,2502087.41,2.996,4.90115347147636,-1.90515347147636,0.646002637301923
-1106109.511,2190032.06,1.277,2.92854865154798,-1.65154865154798,0.623855533992248
-879852.7906,1856234.579,13.431,11.6331857904681,1.79781420953187,0.389065617371585
-850001.2536,1977003.289,6.208,10.827199521152,-4.61919952115197,0.396673278287967
-1123835.998,2242060.179,3.02,0.99217493436592,2.02782506563405,0.655457819617024
-853378.7236,1576828.27,3.537,2.95424911672446,0.582750883275518,0.456072135802445
-1036500.341,2493065.51,4.516,2.69466261086335,1.82133738913665,0.645332370487127
-1018306.741,1522290.919,3.02,2.16551256658872,0.854487433411279,0.525223677219237
-1102887.181,2253475.699,3.796,0.529206830807641,3.26679316919236,0.654834698536988
-1045562.156,1878055.159,0.736,1.67435958340996,-0.938359583409937,0.407383425243285
-886689.157,2404839.099,18.591,12.0526338870225,6.53836611297754,0.58761095006917
-1042354.794,1532291.41,2.459,1.97648683254186,0.482513167458147,0.529386992809761
-892277.4222,2072548.159,1.408,7.13707597601942,-5.72907597601941,0.447339779127806
-891056.1964,2189800.108,0.244,3.12486678402448,-2.88086678402448,0.524847137759931
-1004803.74,1445492.229,3.915,3.43357409921319,0.481425900786807,0.537832591628873
-972903.9639,2396882.8,2.899,0.69503339304966,2.20396660695034,0.634345412095981
-951918.7791,2213036.29,2.743,5.10383410690124,-2.36083410690124,0.572326664539199
-677536.8498,2380253.999,5.6,9.9914676237525,-4.3914676237525,0.444179920346774
-858834.5739,2275496.529,1.015,3.7362213485979,-2.72122134859789,0.54852178139018
-911365.179,2233946.739,1.13,1.66415549406036,-0.534155494060369,0.561848798313024
-828607.6821,2019624.529,5.026,9.74933951155684,-4.72333951155685,0.406842076897521
-1173990.578,2370372.439,24.954,15.7597107266727,9.19428927332732,0.677735067377037
-1033748.399,1594539.719,3.122,2.04209137715914,1.07990862284085,0.5040236197702
-946423.8167,2293855.089,0.8,1.32325363778462,-0.523253637784636,0.606863293370757
-1104506.16,2206106.11,2.24,1.81677829396283,0.423221706037171,0.633197111183506
-870983.4042,2089387.57,9.51,10.2315922932849,-0.721592293284919,0.450884814519057
-959006.1703,2319763.499,0.355,2.06348774169588,-1.70848774169588,0.62029506072178
-1070776.797,2371892.089,4.472,10.3128783947809,-5.84087839478092,0.666862386561448
-809739.2905,2213619.829,5.49,10.5232820937416,-5.03328209374162,0.492236308104972
-832100.9079,2176791.319,3.595,2.88296361325502,0.712036386744984,0.485921593889315
-871729.2841,2163653.599,2.379,3.4239346949246,-1.0449346949246,0.498282833740131
-1037249.594,2246140.679,8.791,9.41687230161985,-0.625872301619864,0.630653573028402
-943770.6424,2233976.65,0.645,1.52071299361117,-0.875712993611164,0.579991718518924
-929461.3437,2167171.72,1.46,1.42463821625597,0.0353617837440273,0.529677149383653
-839738.0669,2086830.259,13.743,6.38518549692141,7.35781450307859,0.439283127572577
-1016146.193,2278446.759,1.841,3.83205821186036,-1.99105821186035,0.634992906437601
-791779.6268,2116682.149,2.653,3.99583036813068,-1.34283036813068,0.437350965623334
-1149338.878,1497023.908,1.646,1.66486216352389,-0.0188621635238898,0.56092888493841
-946459.152,2164552.699,0.5,1.47434758081965,-0.974347580819648,0.536256936105248
-1031537.783,2369649.05,5.803,6.59929620296039,-0.796296202960405,0.656393727995401
-1092785.747,2373651.969,7.726,9.54624141403078,-1.82024141403078,0.671054425477131
-939375.1111,2373584.58,1.764,3.70864257482336,-1.94464257482336,0.617410149474567
-1106433.249,2518794.479,7.114,13.5160581011165,-6.40205810111648,0.649865345949877
-960282.9531,2126017.55,6.19,4.24536973915671,1.94463026084329,0.512484762516253
-1098195.834,1873435.33,2.76,0.914053786840563,1.84594621315944,0.419043087417547
-812332.2072,2186080.799,5.084,3.28328049389879,1.8007195061012,0.480426044068434
-1024955.984,2440317.31,4.034,3.67089315454114,0.363106845458844,0.650827006412741
-871581.3836,2058007.779,10.076,8.29451009425498,1.78148990574502,0.432991619686967
-959998.7414,2381933.43,0.633,4.37635942786258,-3.74335942786261,0.62821518676949
-833730.0378,2148150.329,3.983,3.23683967471343,0.746160325286568,0.470827046439101
-964015.3934,2038775.27,5.215,6.26504726110136,-1.05004726110137,0.445880578962476
-796491.6316,2103336.129,4.01,4.25148878725347,-0.241488787253462,0.433059526172959
-1120436.047,2387569.929,12.979,11.6115693961329,1.36743060386713,0.674005599015288
-1143160.342,1384256.85,2.768,3.34788529654338,-0.579885296543391,0.531753133235346
-866565.8625,1663513.059,3.154,5.38157813682289,-2.22757813682289,0.431025018044824
-1153326.948,2378102.549,9.908,10.8771246102786,-0.969124610278636,0.676799514190676
-1165501.593,2434579.82,16.987,15.1368564344099,1.85014356559009,0.669510638626402
-1180683.983,2258119.57,11.388,13.2992255177198,-1.91122551771982,0.669202884387603
-860332.8144,1684518.479,0.73,7.04884391065575,-6.31884391065574,0.423682996185524
-1165343.564,2473094.5,10.745,15.5293636989786,-4.78436369897856,0.661399885171188
-1156424.53,2458768,6.288,10.4472124663094,-4.15921246630937,0.664899222492808
-1169232.941,2485215.479,18.142,11.9511427899755,6.19085721002447,0.658238284639258
-1077487.852,2252062.1,10.319,11.9967139663825,-1.67771396638252,0.64725130847791
-1010133.883,1704769.11,10.993,14.3737217694506,-3.38072176945062,0.449037645854569
-1102594.247,2526240.549,19.092,14.2013328520406,4.89066714795937,0.647697990652234
-1072475.448,1270168.598,6.098,2.65322111725153,3.44477888274847,0.466452331903433
-1070799.768,1527464.418,0.949,0.92088950154312,0.0281104984568814,0.53890121256495
-1158637.413,2514145.42,10.479,14.6023500974497,-4.12335009744965,0.651113528332469
95251.18972,1583178.769,6.975,9.25803861287348,-2.28303861287342,0.336450098203825
-1044000.43,2244188.679,21.076,11.0729488425745,10.0030511574255,0.632373234458577
5311.009677,1784321.09,8.621,10.118105404859,-1.49710540485898,0.314554679588639
-990788.3501,1096077.729,1.016,0.824151509174764,0.191848490825236,0.431466389221713
-1000672.821,2476766.15,2.045,1.02104222893491,1.02395777106509,0.637649154717675
-981333.8412,2174317.049,0.605,2.11272713373679,-1.5077271337368,0.56081392098533
-1010069.716,1183613.389,0.64,0.463474196078467,0.176525803921528,0.441257181073813
-37856.18007,1789434.25,10.607,9.4301144482266,1.17688555177339,0.342775858939512
-984684.6565,2410491.598,1.517,0.786369817734694,0.730630182265305,0.639014444000901
